city,expectedField,rank,source,timeNode,unit,n,top1Hits,top1Accuracy,top2Hits,top2Accuracy,tradableBestWindow,tradeCutoffReason,ruleType,ruleValue,ruleLabel,configName,configLabel,weatherStrategy,weatherMode,residualMode,strategyLabel,conditionUseRate,averageResidualN,minResidualN,conditionMinResidualN,previousHalfN,previousHalfTop2Hits,previousHalfTop2Accuracy,previousHalfStartDate,previousHalfEndDate,recentHalfN,recentHalfTop2Hits,recentHalfTop2Accuracy,recentHalfStartDate,recentHalfEndDate,recentHalfTop2Delta,recent10DayN,recent10DayTop2Hits,recent10DayTop2Accuracy,recent10DayStartDate,recent10DayEndDate
singa,singa预计,1,cityModelOptimization,14点到15点,,150,80,53.33,128,85.33,true,,all,all,全窗口,current_80old20mean_temp_current_no_weather,current no weather,baseline,none,,,,,,,75,65,86.67,2026-05-07,2026-07-24,75,66,88,2026-07-25,2026-10-08,1.33,10,8,80,2026-09-29,2026-10-08
singa,singa预计,2,cityModelOptimization,10点到11点,,149,66,44.3,125,83.89,true,,all,all,全窗口,grid_10old90down_q30_no_temp_no_weather,grid 10old90 down q30 no weather,baseline,none,,,,,,,74,60,81.08,2026-05-04,2026-07-24,75,62,82.67,2026-07-25,2026-10-09,1.59,10,7,70,2026-09-29,2026-10-09
singa,singa预计,3,cityModelOptimization,6点到7点,,152,71,46.71,124,81.58,true,,all,all,全窗口,grid_90old10down_q25_no_temp_no_weather,grid 90old10 down q25 no weather,baseline,none,,,,,,,76,61,80.26,2026-05-04,2026-07-24,76,60,78.95,2026-07-25,2026-10-09,-1.31,10,5,50,2026-09-30,2026-10-09
telaviv,telaviv预计,1,cityModelOptimization,17点到18点,,161,113,70.19,152,94.41,true,,all,all,全窗口,old_only_no_temp_no_weather,old only no weather,baseline,none,,,,,,,80,77,96.25,2026-04-28,2026-07-20,81,73,90.12,2026-07-21,2026-10-09,-6.13,10,8,80,2026-09-30,2026-10-09
telaviv,telaviv预计,2,cityModelOptimization,昨6点到7点,,150,97,64.67,141,94,true,,all,all,全窗口,grid_60old40mean_q25_no_temp_no_weather,grid 60old40 q25 no weather,baseline,none,,,,,,,75,69,92,2026-05-08,2026-07-26,75,72,96,2026-07-27,2026-10-09,4,10,9,90,2026-09-30,2026-10-09
telaviv,telaviv预计,3,cityModelOptimization,6点到7点,,159,108,67.92,149,93.71,true,,all,all,全窗口,grid_80old20down_q40_no_temp_no_weather,grid 80old20 down q40 no weather,baseline,none,,,,,,,79,73,92.41,2026-04-28,2026-07-20,80,75,93.75,2026-07-21,2026-10-09,1.34,10,8,80,2026-09-30,2026-10-09
telaviv,telaviv预计,4,cityModelOptimization,14点到15点,,158,95,60.13,147,93.04,true,,all,all,全窗口,grid_90old10down_median_no_temp_no_weather,grid 90old10 down median no weather,baseline,none,,,,,,,79,72,91.14,2026-04-28,2026-07-18,79,73,92.41,2026-07-19,2026-10-08,1.27,10,8,80,2026-09-29,2026-10-08
telaviv,telaviv预计,5,cityModelOptimization,10点到11点,,158,86,54.43,147,93.04,true,,all,all,全窗口,grid_40old60down_q60_no_temp_no_weather,grid 40old60 down q60 no weather,baseline,none,,,,,,,79,72,91.14,2026-04-28,2026-07-22,79,73,92.41,2026-07-23,2026-10-09,1.27,10,8,80,2026-09-30,2026-10-09
telaviv,telaviv预计,6,cityModelOptimization,昨10点到11点,,154,99,64.29,143,92.86,true,,all,all,全窗口,old_only_no_temp_no_weather,old only no weather,baseline,none,,,,,,,77,68,88.31,2026-05-02,2026-07-24,77,74,96.1,2026-07-25,2026-10-09,7.79,10,9,90,2026-09-30,2026-10-09
helsink,helsink预计,1,backtestSummary,17点到18点,C,160,85,53.1,133,83.1,true,,all,all,all,,,,,,,,,,,80,65,81.25,2026-04-28,2026-07-20,80,68,85,2026-07-21,2026-10-09,3.75,10,9,90,2026-09-30,2026-10-09
helsink,helsink预计,2,backtestSummary,14点到15点,C,161,71,44.1,126,78.3,true,,all,all,all,,,,,,,,,,,80,58,72.5,2026-04-28,2026-07-18,81,68,83.95,2026-07-19,2026-10-08,11.45,10,9,90,2026-09-29,2026-10-08
helsink,helsink预计,3,backtestSummary,10点到11点,C,159,69,43.4,119,74.8,true,,all,all,all,,,,,,,,,,,79,53,67.09,2026-04-28,2026-07-21,80,66,82.5,2026-07-22,2026-10-09,15.41,10,8,80,2026-09-30,2026-10-09
munich,munich预计,1,backtestSummary,10点到11点,C,158,77,48.7,126,79.7,true,,all,all,all,,,,,,,,,,,79,65,82.28,2026-04-28,2026-07-22,79,62,78.48,2026-07-23,2026-10-09,-3.8,10,9,90,2026-09-30,2026-10-09
munich,munich预计,2,backtestSummary,17点到18点,C,158,75,47.5,126,79.7,true,,all,all,all,,,,,,,,,,,79,61,77.22,2026-04-28,2026-07-20,79,62,78.48,2026-07-21,2026-10-09,1.26,10,9,90,2026-09-30,2026-10-09
munich,munich预计,3,backtestSummary,6点到7点,C,158,78,49.4,125,79.1,true,,all,all,all,,,,,,,,,,,79,60,75.95,2026-04-28,2026-07-20,79,63,79.75,2026-07-21,2026-10-09,3.8,10,9,90,2026-09-30,2026-10-09
madrid,madrid预计,1,cityModelOptimization,14点到15点,,161,93,57.76,136,84.47,true,,all,all,全窗口,grid_80old20mean_q25_no_temp_no_weather,grid 80old20 q25 no weather,baseline,none,,,,,,,80,67,83.75,2026-04-28,2026-07-18,81,65,80.25,2026-07-19,2026-10-08,-3.5,10,7,70,2026-09-29,2026-10-08
madrid,madrid预计,2,cityModelOptimization,17点到18点,,161,90,55.9,134,83.23,true,,all,all,全窗口,grid_90old10down_q30_no_temp_no_weather,grid 90old10 down q30 no weather,baseline,none,,,,,,,80,68,85,2026-04-28,2026-07-20,81,63,77.78,2026-07-21,2026-10-09,-7.22,10,5,50,2026-09-30,2026-10-09
madrid,madrid预计,3,cityModelOptimization,6点到7点,,160,92,57.5,133,83.13,true,,all,all,全窗口,old_only_no_temp_no_weather,old only no weather,baseline,none,,,,,,,80,68,85,2026-04-28,2026-07-19,80,64,80,2026-07-20,2026-10-09,-5,10,6,60,2026-09-30,2026-10-09
madrid,madrid预计,4,cityModelOptimization,10点到11点,,158,94,59.49,130,82.28,true,,all,all,全窗口,grid_80old20down_q40_no_temp_no_weather,grid 80old20 down q40 no weather,baseline,none,,,,,,,79,67,84.81,2026-04-28,2026-07-22,79,63,79.75,2026-07-23,2026-10-09,-5.06,10,6,60,2026-09-30,2026-10-09
madrid,madrid预计,5,cityModelOptimization,昨22点到23点,,157,86,54.78,129,82.17,true,,all,all,全窗口,grid_90old10mean_q67_no_temp_no_weather,grid 90old10 q67 no weather,baseline,none,,,,,,,78,66,84.62,2026-04-28,2026-07-22,79,63,79.75,2026-07-23,2026-10-09,-4.87,10,6,60,2026-09-30,2026-10-09
madrid,madrid预计,6,cityModelOptimization,昨10点到11点,,154,84,54.55,125,81.17,true,,all,all,全窗口,grid_90old10down_median_no_temp_no_weather,grid 90old10 down median no weather,baseline,none,,,,,,,77,61,79.22,2026-05-02,2026-07-24,77,58,75.32,2026-07-25,2026-10-09,-3.9,10,5,50,2026-09-30,2026-10-09
miami,miami预计,1,cityModelOptimization,22点到23点,,146,76,52.05,123,84.25,true,,all,all,全窗口,current_80old20mean_temp_current_no_weather,current no weather,baseline,none,,,,,,,73,59,80.82,2026-05-09,2026-07-27,73,60,82.19,2026-07-28,2026-10-08,1.37,10,7,70,2026-09-29,2026-10-08
miami,miami预计,2,cityModelOptimization,昨6点到7点,,142,73,51.41,116,81.69,true,,all,all,全窗口,current_80old20mean_temp_current_no_weather,current no weather,baseline,none,,,,,,,71,55,77.46,2026-05-11,2026-07-28,71,59,83.1,2026-07-29,2026-10-08,5.64,10,7,70,2026-09-29,2026-10-08
miami,miami预计,3,cityModelOptimization,17点到18点,,148,72,48.65,120,81.08,true,,all,all,全窗口,grid_60old40mean_q30_no_temp_no_weather,grid 60old40 q30 no weather,baseline,none,,,,,,,74,60,81.08,2026-05-09,2026-07-26,74,58,78.38,2026-07-27,2026-10-08,-2.7,10,7,70,2026-09-29,2026-10-08
KualaLumpur,KualaLumpur预计,1,cityModelOptimization,14点到15点,,85,46,54.12,74,87.06,true,,all,all,全窗口,grid_80old20mean_median_no_temp_no_weather,grid 80old20 median no weather,baseline,none,,,,,,,42,37,88.1,2026-05-31,2026-07-14,43,35,81.4,2026-07-15,2026-08-27,-6.7,10,4,40,2026-08-17,2026-08-27
KualaLumpur,KualaLumpur预计,2,cityModelOptimization,昨22点到23点,,82,34,41.46,65,79.27,true,,all,all,全窗口,grid_60old40down_median_no_temp_no_weather,grid 60old40 down median no weather,baseline,none,,,,,,,41,34,82.93,2026-05-31,2026-07-17,41,29,70.73,2026-07-18,2026-08-27,-12.2,10,7,70,2026-08-18,2026-08-27
KualaLumpur,KualaLumpur预计,3,cityModelOptimization,10点到11点,,83,42,50.6,63,75.9,true,,all,all,全窗口,grid_40old60down_median_no_temp_no_weather,grid 40old60 down median no weather,baseline,none,,,,,,,41,32,78.05,2026-05-31,2026-07-16,42,29,69.05,2026-07-17,2026-08-27,-9,10,7,70,2026-08-18,2026-08-27
